lemmas,lemmas_text,yapici_mi
"['şifre', 'yanlış', 'girdi', 'sene', 'gir']",şifre yanlış girdi sene gir,
"['saat', 'aycell', 'hesap', 'papara', 'hesap', 'para', 'gönder', 'çalış', 'türlü', 'rezalet']",saat aycell hesap papara hesap para gönder çalış türlü rezalet,
"['berbat', 'zula', 'alt', 'yükle', 'kriter', 'yerine', 'getir', 'fakat', 'kriter', 'yerine', 'getir', 'saçmala', 'sahtekar']",berbat zula alt yükle kriter yerine getir fakat kriter yerine getir saçmala sahtekar,
"['büyük', 'kazak', 'aysel', 'özen', 'boş', 'boş']",büyük kazak aysel özen boş boş,
"['saçma', 'sapan', 'hata', 'bulaş']",saçma sapan hata bulaş,
"['sanal', 'kart', 'olusmadi', 'işlem', 'geçersiz', 'yoz']",sanal kart olusmadi işlem geçersiz yoz,
"['puan', 'bile', 'hak']",puan bile hak,
"['oğul', 'bil', 'oyun', 'para', 'yatır', 'kısa', 'süre', 'taraf', 'iade', 'iste']",oğul bil oyun para yatır kısa süre taraf iade iste,
"['shell', 'puan', 'katıl', 'puan', 'yükle', 'sonra', 'kampanya', 'bin', 'kişi', 'fayda', 'yükle', 'puan', 'sen', 'kullanödemeleri', 'sonra', 'bin', 'kişi', 'dol', 'deyip', 'puan']",shell puan katıl puan yükle sonra kampanya bin kişi fayda yükle puan sen kullanödemeleri sonra bin kişi dol deyip puan,
"['hane', 'şifre', 'gir', 'alt', 'kutu', 'hane', 'şifre', 'sor', 'kafa', 'bul', 'yok', 'yanlış', 'oku', 'hesap', 'bloke']",hane şifre gir alt kutu hane şifre sor kafa bul yok yanlış oku hesap bloke,
"['puan', 'tekrar', 'geri', 'git']",puan tekrar geri git,
"['bomboş', 'öner']",bomboş öner,
"['boş', 'hiçbir', 'şekil', 'i̇nternet', 'salla', 'topla', 'var', 'puan', 'hiçbir', 'yara', 'kesinlikle', 'boş', 'yükle', 'yükle', 'yükle']",boş hiçbir şekil i̇nternet salla topla var puan hiçbir yara kesinlikle boş yükle yükle yükle,
"['aycell', 'salla', 'topla', 'bile', 'şaka']",aycell salla topla bile şaka,
"['para', 'gönder', 'para', 'yat', 'para', 'iade', 'para', 'rezil']",para gönder para yat para iade para rezil,
"['kankaymis', 'haracami', 'bagladiniz', 'yükle', 'kurum', 'para', 'kes', 'sil', 'yet']",kankaymis haracami bagladiniz yükle kurum para kes sil yet,
"['boş', 'tavsiye']",boş tavsiye,
"['iki', 'çık']",iki çık,
"['saçma', 'hane', 'şifre', 'gir', 'şifre', 'unut', 'mail', 'hane', 'şifre', 'gir', 'uğraş', 'uğraş', 'yok', 'arkadaş', 'saçma', 'sapan', 'birey']",saçma hane şifre gir şifre unut mail hane şifre gir uğraş uğraş yok arkadaş saçma sapan birey,
"['زبالة', 'بكل', 'معنى', 'الكلمة']",زبالة بكل معنى الكلمة,
"['para', 'yükle', 'zaman', 'para', 'hesap', 'geç', 'uzun', 'sür']",para yükle zaman para hesap geç uzun sür,
"['kötü', 'papara', 'bin', 'kat', 'iyi']",kötü papara bin kat iyi,
"['zor', 'kullan', 'bile', 'kart', 'parça', 'banka', 'doğrula', 'kadar', 'saçma', 'yok', 'tavsiye']",zor kullan bile kart parça banka doğrula kadar saçma yok tavsiye,
"['puan', 'kolay']",puan kolay,
"['aycell', 'çalış']",aycell çalış,
"['berbat', 'faril', 'para', 'çocuk', 'oyncag', 'sakin', 'bulasmayin']",berbat faril para çocuk oyncag sakin bulasmayin,
"['önce', 'puan', 'aycell', 'yeter', 'kadar', 'puan', 'diğer', 'alım', 'çevir', 'fakat', 'iki', 'defa', 'puan', 'kullan', 'hal', 'sistem', 'gözük', 'sistem', 'canlı', 'dur', 'şikayet', 'iki', 'defa', 'çözüm', 'merkez', 'celil', 'sonra', 'başka', 'arkadaş', 'dönüş', 'türlü', 'kafa', 'çalış', 'konu', 'uzman', 'söyle', 'şekil', 'bile', 'lira', 'kupon', 'biz', 'yok']",önce puan aycell yeter kadar puan diğer alım çevir fakat iki defa puan kullan hal sistem gözük sistem canlı dur şikayet iki defa çözüm merkez celil sonra başka arkadaş dönüş türlü kafa çalış konu uzman söyle şekil bile lira kupon biz yok,
['verso'],verso,
"['kadar', 'kötü', 'sanal', 'kart', 'fikir', 'güzel', 'fakat', 'fatura', 'öde', 'başka', 'işlem', 'boşuna', 'para', 'git', 'kadar']",kadar kötü sanal kart fikir güzel fakat fatura öde başka işlem boşuna para git kadar,
"['puan', 'artık', 'yüksel']",puan artık yüksel,
"['siz', 'sev', 'kullan', 'siz', 'yakış', 'kart', 'kes', 'sonra', 'fon', 'artık', 'başka', 'kart', 'kullan', 'aycell', 'puan', 'kadar', 'saçma']",siz sev kullan siz yakış kart kes sonra fon artık başka kart kullan aycell puan kadar saçma,
"['kullan', 'hal', 'gün', 'ara', 'güncelle', 'iste', 'giriş', 'yağ', 'güncelle', 'indirilemiyorkısaca', 'para', 'öde', 'sıkıntı', 'çek', 'iste', 'kullan']",kullan hal gün ara güncelle iste giriş yağ güncelle indirilemiyorkısaca para öde sıkıntı çek iste kullan,
"['çalış', 'zaman', 'var']",çalış zaman var,
"['yaş', 'altı', 'yatırım']",yaş altı yatırım,
"['yara', 'sürekli', 'sonra', 'dene', 'uyarisiyla', 'karşılaş', 'yükle', 'sil']",yara sürekli sonra dene uyarisiyla karşılaş yükle sil,
"['gedik', 'elektrik', 'yatramiyorum', 'sistem', 'cikmiyo']",gedik elektrik yatramiyorum sistem cikmiyo,
"['keşke', 'giriş', 'lanet', 'yüz', 'mobil', 'öde']",keşke giriş lanet yüz mobil öde,
"['berbat', 'yıldız', 'bile']",berbat yıldız bile,
"['rezalet', 'transfer']",rezalet transfer,
"['aynı', 'sorun', 'hala', 'var', 'güncel', 'getir', 'iyi', 'bide', 'i̇nternet', 'paket', 'harca', 'kaldır']",aynı sorun hala var güncel getir iyi bide i̇nternet paket harca kaldır,
"['hesap', 'kalan', 'var', 'türlü', 'çek', 'para', 'mil', 'piyango', 'site', 'işlem', 'ücret', 'kart', 'değil', 'kart', 'aktar', 'bakiye', 'çalış', 'turkcell', 'düpedüz', 'resmi', 'belge', 'dolandırıcı', 'tahatdüt', 'bit', 'hat', 'iptal', 'yıl', 'beri', 'aynı', 'numara', 'hat', 'kullan', 'iptal', 'artık', 'zaman', 'para', 'öde', 'tahatdüt', 'bit', 'kadar', 'kurtar', 'siz']",hesap kalan var türlü çek para mil piyango site işlem ücret kart değil kart aktar bakiye çalış turkcell düpedüz resmi belge dolandırıcı tahatdüt bit hat iptal yıl beri aynı numara hat kullan iptal artık zaman para öde tahatdüt bit kadar kurtar siz,
"['şifre', 'unut', 'eposta', 'adres', 'yeni', 'şifre', 'gönder', 'gönder', 'yardımcı', 'olumurmusunuz']",şifre unut eposta adres yeni şifre gönder gönder yardımcı olumurmusunuz,
"['can', 'cehennem', 'itibar', 'i̇stanbul', 'kart', 'izin', 'bilgi', 'dış', 'toplam', 'lira', 'yükle', 'müşteri', 'hizmet', 'ara', 'geri', 'öde', 'imkan', 'söyle', 'müşteri', 'hak', 'savun', 'yol', 'göster', 'bak', 'mesaj', 'gör', 'geri', 'dön', 'hak', 'öde']",can cehennem itibar i̇stanbul kart izin bilgi dış toplam lira yükle müşteri hizmet ara geri öde imkan söyle müşteri hak savun yol göster bak mesaj gör geri dön hak öde,
"['i̇nternet', 'paha']",i̇nternet paha,
"['puan', 'birik', 'google', 'olay', 'kupon', 'şimdi', 'puan', 'sadece', 'i̇nternet', 'görün', 'kaldır', 'kupon']",puan birik google olay kupon şimdi puan sadece i̇nternet görün kaldır kupon,
['gir'],gir,
"['yükle', 'limit', 'koy', 'işlem', 'ücret', 'koy']",yükle limit koy işlem ücret koy,
"['posta', 'dogrulamasi', 'dur', 'eposta', 'adres', 'doğrula', 'filan']",posta dogrulamasi dur eposta adres doğrula filan,
"['para', 'yatır', 'sorun', 'bulasmayin', 'ayrıca', 'yorum', 'sil']",para yatır sorun bulasmayin ayrıca yorum sil,
"['hafta', 'salla', 'kazan', 'puan', 'hafta', 'aynı', 'insan', 'değişik', 'puan', 'fazla', 'gerekli']",hafta salla kazan puan hafta aynı insan değişik puan fazla gerekli,
"['kere', 'aycell', 'zorba']",kere aycell zorba,
"['link', 'olay', 'haber', 'para', 'çek', 'turkcell', 'yakismiyan', 'durum']",link olay haber para çek turkcell yakismiyan durum,
"['sürekli', 'kapa', 'halt', 'yara', 'yok']",sürekli kapa halt yara yok,
"['tur', 'telekom']",tur telekom,
"['lira', 'yaklaşık', 'kuruş', 'ney', 'zaman', 'kullan', 'komisyon', 'çözüm', 'bul', 'aycell', 'bırak']",lira yaklaşık kuruş ney zaman kullan komisyon çözüm bul aycell bırak,
"['böyle', 'aycell', 'heaabima', 'para', 'ilan', 'ima', 'transfer', 'iste', 'para', 'hesap', 'dik', 'banka', 'hesap']",böyle aycell heaabima para ilan ima transfer iste para hesap dik banka hesap,
"['aycell', 'tat', 'tuz', 'kaç']",aycell tat tuz kaç,
"['giriş', 'yine', 'giriş', 'posta', 'şifre', 'deyiş', 'diş', 'tik', 'posta', 'saçma', 'saban', 'yabmayin', 'arkadaş']",giriş yine giriş posta şifre deyiş diş tik posta saçma saban yabmayin arkadaş,
"['puanlarimi', 'kullan']",puanlarimi kullan,
"['hayat', 'kadar', 'saçma', 'gör', 'şifre', 'unut', 'şifre', 'yeni', 'saçmalık']",hayat kadar saçma gör şifre unut şifre yeni saçmalık,
"['ister', 'optimizasyon', 'ister', 'işlev', 'açı', 'rezalet', 'içersi', 'birçok', 'içer', 'sadece', 'para', 'kazan', 'herhalde', 'örnek', 'i̇nternet', 'kazan', 'kart', 'para', 'sonradan', 'lazım', 'malum', 'yer', 'geç', 'kart', 'kendi', ""i̇van'ıma"", 'çek', 'kaç', 'lira', 'yok', 'ana', 'sat', 'para', 'gönder', 'kısım', 'full', 'hata', 'baş', 'sil', 'çalış', 'eksik', 'yaz', 'ilan', 'sonra', 'hata', 'salak', 'saçma', 'aycell', 'yerine', 'ininal', 'tos', 'öner', 'iyi']",ister optimizasyon ister işlev açı rezalet içersi birçok içer sadece para kazan herhalde örnek i̇nternet kazan kart para sonradan lazım malum yer geç kart kendi i̇van'ıma çek kaç lira yok ana sat para gönder kısım full hata baş sil çalış eksik yaz ilan sonra hata salak saçma aycell yerine ininal tos öner iyi,
"['fatura', 'odie', 'hiçbir', 'sıkıntı', 'gecik', 'rağmen', 'limit', 'önce', 'kullan', 'sıkıntı', 'yok', 'sil', 'tekrar', 'limit', 'hiçbir', 'problem', 'yok', 'anlayacaginiz', 'problem', 'var', 'kimse', 'çözüm', 'yok', 'yorum', 'baktiginizda', 'kimse', 'sorun', 'boz', 'net', 'sekil', 'söyle', 'problem', 'yaşa']",fatura odie hiçbir sıkıntı gecik rağmen limit önce kullan sıkıntı yok sil tekrar limit hiçbir problem yok anlayacaginiz problem var kimse çözüm yok yorum baktiginizda kimse sorun boz net sekil söyle problem yaşa,
"['acilmiyor', 'kart', 'yok', 'bozuk']",acilmiyor kart yok bozuk,
"['aloooo', 'calismiyor', 'ati', 'giremiyorumuygulamaya', 'kusurabakmayin', 'lanet']",aloooo calismiyor ati giremiyorumuygulamaya kusurabakmayin lanet,
"['eskiden', 'rahat', 'giriş', 'mobil', 'verim', 'kapa', 'girl']",eskiden rahat giriş mobil verim kapa girl,
"['tam', 'para', 'tuzak', 'dolandırıcı', 'sistem', 'fayda', 'servis', 'göz', 'boya', 'sahtekar', 'servis', 'para', 'çal', 'uzak', 'dur']",tam para tuzak dolandırıcı sistem fayda servis göz boya sahtekar servis para çal uzak dur,
"['siz', 'ulaş', 'mail', 'para', 'orta', 'yok', 'dönüş', 'sadece', 'incele', 'aşama', 'mil']",siz ulaş mail para orta yok dönüş sadece incele aşama mil,
"['detay', 'yok']",detay yok,
"['hayat', 'kadar', 'kötü', 'gör']",hayat kadar kötü gör,
"['cani', 'iste']",cani iste,
"['parti', 'ekle', 'lütfen', 'yar']",parti ekle lütfen yar,
"['giriş', 'wifi', 'kapa', 'deyip', 'kapa', 'i̇nternet', 'hata', 'gerzek', 'zorla', 'turkcell', 'i̇nternet', 'kullan', 'çaba', 'zaten', 'i̇nternet', 'paket']",giriş wifi kapa deyip kapa i̇nternet hata gerzek zorla turkcell i̇nternet kullan çaba zaten i̇nternet paket,
"['uğraş', 'fazla', 'işlem', 'gerek']",uğraş fazla işlem gerek,
"['tur', 'acilmiyor', 'işlem', 'gercek']",tur acilmiyor işlem gercek,
['iyi'],iyi,
"['allah', 'aşk', 'don', 'bird', 'kredi', 'sorgula', 'kullan', 'kredi', 'limit', 'yok', 'kredi']",allah aşk don bird kredi sorgula kullan kredi limit yok kredi,
"['salla', 'kazan', 'sonra', 'ikinci', 'hediye', 'olapark', 'aycell', 'salla', 'topla', 'puan']",salla kazan sonra ikinci hediye olapark aycell salla topla puan,
"['oyun', 'sat', 'başarı', 'yara']",oyun sat başarı yara,
"['evvel', 'kart', 'kredi', 'varit', 'aksat', 'otomatik', 'git', 'son', 'kart', 'gelmektedirneden', 'böyle', 'kredi', 'dost', 'lütfen', 'kredi', 'iste', 'memnun', 'yaya', 'dirlik']",evvel kart kredi varit aksat otomatik git son kart gelmektedirneden böyle kredi dost lütfen kredi iste memnun yaya dirlik,
"['beyaz', 'ekran', 'basladim', 'cal', 'kartida', 'cekiyolar', 'işlem', 'yapmasanizda']",beyaz ekran basladim cal kartida cekiyolar işlem yapmasanizda,
['efsioooooo'],efsioooooo,
"['aycell', 'hediye', 'kampanya', 'katıl', 'şart', 'yerine', 'getir', 'rağmen', 'hala', 'kupon', 'falan', 'ulaş', 'üstelik', 'harca', 'sonra', 'kazan', 'ödül', 'harca', 'hatta', 'yükle', 'yazma', 'rağmen', 'sorun', 'çöz', 'memnun']",aycell hediye kampanya katıl şart yerine getir rağmen hala kupon falan ulaş üstelik harca sonra kazan ödül harca hatta yükle yazma rağmen sorun çöz memnun,
"['salakazandakıtl', 'aycell', 'hediye', 'sanal', 'kartayüklemir']",salakazandakıtl aycell hediye sanal kartayüklemir,
"['hesap', 'sil']",hesap sil,
"['puan', 'birik', 'google', 'olay', 'kod', 'kaybol']",puan birik google olay kod kaybol,
"['hesap', 'bloke', 'koy', 'gir', 'içeri', 'biz', 'ula', 'cevap', 'lazio', 'zaten', 'girişim', 'kisitlanmis', 'içeri', 'siz', 'ulasacagiz', 'bilgi', 'verebilirmisiniz', 'tamamen', 'saçmalık', 'hadi', 'yorum', 'alt', 'biz', 'ulaş']",hesap bloke koy gir içeri biz ula cevap lazio zaten girişim kisitlanmis içeri siz ulasacagiz bilgi verebilirmisiniz tamamen saçmalık hadi yorum alt biz ulaş,
"['aycell', 'banka', 'hesap', 'doğrula', 'iste', 'kullan', 'banka', 'anlaş', 'banka', 'ara', 'yer', 'halkbank', 'anlaş', 'kart', 'dogrulayabilecegim', 'lütfen', 'zaman', 'yıldız', 'vericegim', 'tesekurler']",aycell banka hesap doğrula iste kullan banka anlaş banka ara yer halkbank anlaş kart dogrulayabilecegim lütfen zaman yıldız vericegim tesekurler,
"['keşke', 'fatura', 'yansı', 'şekil', 'harca']",keşke fatura yansı şekil harca,
"['sürekli', 'güncelle']",sürekli güncelle,
['mecburen'],mecburen,
"['sakın', 'bulaş']",sakın bulaş,
"['puan', 'alamiyirum']",puan alamiyirum,
"['düzmece', 'geçen', 'gün', 'ilk', 'fatura', 'öde', 'puan', 'bile', 'kandiriyorlar']",düzmece geçen gün ilk fatura öde puan bile kandiriyorlar,
"['şifre', 'posta', 'yanlış', 'hemen', 'yardım', 'düzel']",şifre posta yanlış hemen yardım düzel,
"['sakın', 'kullan', 'alısveris', 'iyi', 'iade', 'asla', 'bakiye', 'geri', 'yansitmiyorlar', 'mail', 'ustunç', 'mail', 'dekont', 'yolla', 'yine', 'iade', 'bddk', 'bil', 'artık', 'kal']",sakın kullan alısveris iyi iade asla bakiye geri yansitmiyorlar mail ustunç mail dekont yolla yine iade bddk bil artık kal,
"['gün', 'muhatap', 'bul', 'kendi', 'para', 'aycell', 'hesap', 'aktar', 'para', 'orta', 'yok', 'geç', 'gün', 'devir', 'süre', 'inan', 'şikayet', 'var', 'para', 'peş', 'insan', 'milyar', 'bekle', 'aycell', 'açıkla', 'dahi', 'müşteri', 'siz', 'gerekli', 'bilgi', 'gün', 'ilet', 'hala', 'aynı', 'şekil', 'sorun', 'çöz']",gün muhatap bul kendi para aycell hesap aktar para orta yok geç gün devir süre inan şikayet var para peş insan milyar bekle aycell açıkla dahi müşteri siz gerekli bilgi gün ilet hala aynı şekil sorun çöz,
"['kötü', 'turkcell', 'zorunlu']",kötü turkcell zorunlu,
"['önceleri', 'güzel', 'şimdi', 'memnun', 'değil']",önceleri güzel şimdi memnun değil,
"['fatura', 'öde', 'kısım', 'gir']",fatura öde kısım gir,
"['i̇ldiz', 'bile', 'fazla', 'soyguncu', 'turkcell', 'hep', 'hırsız', 'fahiş', 'fiyat']",i̇ldiz bile fazla soyguncu turkcell hep hırsız fahiş fiyat,
"['lanet', 'aycell', 'para', 'yıl']",lanet aycell para yıl,
"['aycell', 'lira', 'şimdi', 'para', 'kullan', 'hemen', 'fatura', 'ekle', 'kullan', 'sonra', 'kıymet', 'yok', 'yazık']",aycell lira şimdi para kullan hemen fatura ekle kullan sonra kıymet yok yazık,
"['para', 'yatır', 'serbest', 'ekmek', 'yasak', 'böyle', 'gün', 'yatirdigim', 'para', 'çek', 'yem', 'defalarca', 'ara', 'bil', 'hal', 'kesinlikle', 'yatırım', 'kısım', 'kullan', 'para']",para yatır serbest ekmek yasak böyle gün yatirdigim para çek yem defalarca ara bil hal kesinlikle yatırım kısım kullan para,
"['site', 'gir', 'toplam', 'şifre', 'bkliyoz', 'var', 'git', 'kapa', 'i̇ndi̇ren', 'pişman']",site gir toplam şifre bkliyoz var git kapa i̇ndi̇ren pişman,
"['rezalet', 'sürekli', 'hata', 'dur', 'kart', 'alışveriş', 'rezalet', 'gerçekten', 'mail', 'dönüş', 'lakin', 'hala', 'düzel']",rezalet sürekli hata dur kart alışveriş rezalet gerçekten mail dönüş lakin hala düzel,
"['puan', 'kendiliğinden', 'sil', 'saçma', 'millet', 'kan', 'puanlarinizla', 'kadar', 'i̇nternet', 'sonra', 'topla', 'puan', 'var', 'kendiliğinden', 'sil']",puan kendiliğinden sil saçma millet kan puanlarinizla kadar i̇nternet sonra topla puan var kendiliğinden sil,
"['gün', 'kendi', 'hesap', 'yeni', 'para', 'transfer', 'para', 'yok', 'hala', 'oyala', 'incele', 'şahsi', 'para', 'kullan', 'yasal', 'etik', 'iletişim', 'geç', 'kayıt', 'değer', 'cevap', 'incele', 'incele', 'para', 'iade']",gün kendi hesap yeni para transfer para yok hala oyala incele şahsi para kullan yasal etik iletişim geç kayıt değer cevap incele incele para iade,
"['kulanacam', 'yardım', 'sevin']",kulanacam yardım sevin,
"['limit', 'hal', 'yetersiz', 'limit', 'yatirdigim', 'hal', 'limit', 'bin', 'yüz', 'düş', 'anla', 'gerçekten', 'yazık']",limit hal yetersiz limit yatirdigim hal limit bin yüz düş anla gerçekten yazık,
"['yeni', 'kayıt', 'şifre', 'girdi', 'şifre', 'tekrar', 'gir', 'gir', 'aycell', 'dur']",yeni kayıt şifre girdi şifre tekrar gir gir aycell dur,
"['tam', 'gün', 'önce', 'yüklem', 'hala', 'hesap', 'yansı', 'mail', 'gönder', 'dekont', 'beraber', 'hala', 'yanıt', 'var', 'hesap', 'para', 'yansı', 'kadar', 'uzun', 'sür', 'tamamen', 'saçmalık', 'düzel', 'kadar', 'kullan', 'öner', 'uzak', 'dur']",tam gün önce yüklem hala hesap yansı mail gönder dekont beraber hala yanıt var hesap para yansı kadar uzun sür tamamen saçmalık düzel kadar kullan öner uzak dur,
"['şifre', 'bloke', 'giriş', 'iletişim', 'numara', 'ara', 'şifre', 'bloke', 'telefon', 'kapa', 'şifre', 'yenile', 'link', 'tıkla', 'ekran', 'harf', 'gir', 'ekran', 'harf', 'yok', 'siyah', 'ekran']",şifre bloke giriş iletişim numara ara şifre bloke telefon kapa şifre yenile link tıkla ekran harf gir ekran harf yok siyah ekran,
"['arkadaş', 'davet', 'hediye', 'puan', 'kod', 'hata', 'rezil']",arkadaş davet hediye puan kod hata rezil,
"['hediye', 'para', 'fatura', 'yansı']",hediye para fatura yansı,
"['şifre', 'unut', 'seçenek', 'seç', 'kurtar', 'kod', 'iste', 'kurtar', 'kod', 'bil', 'sistem', 'gir', 'kontrol', 'dış', 'öde', 'hak', 'bedel', 'iptal', 'caba']",şifre unut seçenek seç kurtar kod iste kurtar kod bil sistem gir kontrol dış öde hak bedel iptal caba,
"['salla', 'kazan', 'aycell', 'tam', 'program', 'yorum', 'gör', 'içim', 'git', 'öğrenci', 'adam', 'hayal', 'oyna', 'turkcell', 'kına', 'sen', 'artık', 'hayat', 'yer', 'yok', 'fatura', 'mahut', 'bit', 'bit', 'siz', 'uzaklasicam', 'somuremiyceksiniz', 'artık']",salla kazan aycell tam program yorum gör içim git öğrenci adam hayal oyna turkcell kına sen artık hayat yer yok fatura mahut bit bit siz uzaklasicam somuremiyceksiniz artık,
"['puan', 'hafta', 'geri', 'boşuna', 'zaman', 'öyle', 'özellik', 'kal']",puan hafta geri boşuna zaman öyle özellik kal,
"['dolandıricilik', 'yaa']",dolandıricilik yaa,
"['dur', 'yer', 'i̇nternet', 'paket', 'yüklrnek', 'yükle', 'çal', 'telem', 'izin', 'şekil', 'tam', 'hırsız', 'haram', 'zıkkım', 'inşallah', 'ilk', 'fırsat', 'başka', 'abone', 'gezi', 'nefret', 'soyguncu', 'trük']",dur yer i̇nternet paket yüklrnek yükle çal telem izin şekil tam hırsız haram zıkkım inşallah ilk fırsat başka abone gezi nefret soyguncu trük,
['iyi'],iyi,
"['sakin', 'yükle', 'para', 'yükle', 'herdefasinda', 'aynı', 'dümen', 'para', 'yok', 'mail', 'müşteri', 'hizmet', 'yok', 'söyle', 'yok', 'böyle', 'para', 'üzeri', 'yat', 'calisiyorlar', 'kaç', 'gün', 'hala', 'para', 'iade', 'gerek']",sakin yükle para yükle herdefasinda aynı dümen para yok mail müşteri hizmet yok söyle yok böyle para üzeri yat calisiyorlar kaç gün hala para iade gerek,
"['para', 'transfer', 'yapabiliriyorum', 'para', 'çek', 'sorun', 'kaldır']",para transfer yapabiliriyorum para çek sorun kaldır,
"['düzgün', 'çalış', 'sil', 'tekrar', 'yükle', 'iste', 'fakat', 'telefon', 'uyum', 'değil', 'hata', 'karşılaştımsorun', 'cihaz', 'kaynak', 'başka', 'telefon', 'yükle', 'iste', 'aynı', 'sorun', 'var', 'sunu', 'belir', 'iste', 'ikinci', 'dene', 'android', 'güncel', 'cihaz', 'böyle', 'sorun']",düzgün çalış sil tekrar yükle iste fakat telefon uyum değil hata karşılaştımsorun cihaz kaynak başka telefon yükle iste aynı sorun var sunu belir iste ikinci dene android güncel cihaz böyle sorun,
"['hesap', 'doğrula', 'saçmalık', 'var', 'para', 'yükle', 'kullan']",hesap doğrula saçmalık var para yükle kullan,
"['saat', 'ulaş', 'kimlik', 'doğrula', 'sorun', 'yaşa', 'saçma', 'herşey', 'doğru', 'yaz', 'hala', 'sorun', 'yaşa', 'yavaş']",saat ulaş kimlik doğrula sorun yaşa saçma herşey doğru yaz hala sorun yaşa yavaş,
"['para', 'tuzagidir']",para tuzagidir,
"['kullan', 'sonra', 'güvenlik', 'hata', 'şua', 'kullan']",kullan sonra güvenlik hata şua kullan,
"['aycell', 'müşteri', 'hizmet', 'ara', 'sil', 'tekrar', 'yükle', 'söyle', 'işgüzar', 'müşteri', 'temsilcisisildimbelki', 'yükle', 'rağmen', 'siliniyogb', 'lazım', 'bitti', 'siz', 'yüzündenyine', 'yükle', 'müşteri', 'temsilci', 'geçin', 'papağan', 'misal', 'aynı', 'tekrarla', 'kişi', 'lanet', 'oku', 'inmiycekdise', 'sil']",aycell müşteri hizmet ara sil tekrar yükle söyle işgüzar müşteri temsilcisisildimbelki yükle rağmen siliniyogb lazım bitti siz yüzündenyine yükle müşteri temsilci geçin papağan misal aynı tekrarla kişi lanet oku inmiycekdise sil,
"['paycel', 'hediye', 'kullanalimiyor', 'yetersiz', 'bakiye']",paycel hediye kullanalimiyor yetersiz bakiye,
"['hayat', 'böyle', 'yara', 'gör', 'sevgili', 'turkcell', 'yönet', 'siz', 'cidden', 'adam', 'çalış', 'çekim', 'güç', 'övün', 'kadar', 'gün', 'övün', 'biz', 'utan']",hayat böyle yara gör sevgili turkcell yönet siz cidden adam çalış çekim güç övün kadar gün övün biz utan,
"['hesap', 'sadece', 'kod', 'hiçbir', 'açıkla', 'kapa', 'oysaki', 'güzel', 'devam', 'iste', 'keşke', 'dinle', 'öyle', 'karar', 'evrak', 'evrak', 'hiçbirşey', 'söyle', 'kapa', 'yazık']",hesap sadece kod hiçbir açıkla kapa oysaki güzel devam iste keşke dinle öyle karar evrak evrak hiçbirşey söyle kapa yazık,
"['hazırlimiti', 'kendi', 'abana', 'ark', 'kullan', 'kullan']",hazırlimiti kendi abana ark kullan kullan,
"['pos', 'yanis', 'yaz', 'düzel']",pos yanis yaz düzel,
"['blok', 'puan', 'veri', 'ilgilen', 'geri', 'yik']",blok puan veri ilgilen geri yik,
['güzel'],güzel,
"['hata', 'işlem', 'devam', 'lütfen', 'sonra', 'tekrar', 'dene', 'yazı', 'şimdi', 'para', 'aktarım', 'yine', 'aynı', 'söyle', 'şimdi', 'sil', 'umut', 'düzel', 'yet', 'çek', 'siz']",hata işlem devam lütfen sonra tekrar dene yazı şimdi para aktarım yine aynı söyle şimdi sil umut düzel yet çek siz,
"['böyle', 'uygulmanin', 'tam', 'hafta', 'puan', 'veri', 'konu', 'ana', 'sorun', 'coxuqlari']",böyle uygulmanin tam hafta puan veri konu ana sorun coxuqlari,
"['sev', 'yer', 'geç', 'kart', 'kullan', 'zaten', 'turkcell', 'değil', 'boş']",sev yer geç kart kullan zaten turkcell değil boş,
"['saçma', 'sürekli', 'öde', 'hata', 'banka', 'konuş', 'turkcell', 'turkcell', 'konuş', 'banka', 'suç', 'mağdur', 'para', 'fatura', 'öde']",saçma sürekli öde hata banka konuş turkcell turkcell konuş banka suç mağdur para fatura öde,
"['berbat', 'sürekli', 'don', 'kas', 'hesap', 'bile', 'kere', 'kapa', 'kaldır', 'gir', 'gerçekten']",berbat sürekli don kas hesap bile kere kapa kaldır gir gerçekten,
"['para', 'puan']",para puan,
"['yitir', 'kart', 'numara', 'fark', 'parayoktu']",yitir kart numara fark parayoktu,
"['birsürü', 'puan', 'birik', 'kaç', 'beri', 'hata', 'sayfa', 'çevrile', 'yor', 'yüz', 'yıldız']",birsürü puan birik kaç beri hata sayfa çevrile yor yüz yıldız,
['dene'],dene,
"['hediye', 'kazan', 'deyip', 'zorla', 'aycell', 'ancak', 'hesap', 'hediye', 'falan', 'yok', 'tamamen', 'fare', 'arkadaş', 'pişman']",hediye kazan deyip zorla aycell ancak hesap hediye falan yok tamamen fare arkadaş pişman,
"['aycell', 'geçerli', 'hediye', 'alışveriş', 'hediye', 'kullan', 'başar', 'alışveriş', 'tamamla', 'tane', 'mail', 'çeki', 'sonra', 'alışveriş', 'kullan', 'otomatik', 'mesaj', 'gönder', 'son', 'ısrar', 'yaz', 'incele', 'mesaj', 'sefer', 'hemen', 'kapa', 'hiçbir', 'suret', 'gir', 'iyi', 'düşün', 'çabuk', 'değer', 'kaybet', 'göz', 'güncelle', 'mail', 'gün', 'aynı', 'cevap', 'yom']",aycell geçerli hediye alışveriş hediye kullan başar alışveriş tamamla tane mail çeki sonra alışveriş kullan otomatik mesaj gönder son ısrar yaz incele mesaj sefer hemen kapa hiçbir suret gir iyi düşün çabuk değer kaybet göz güncelle mail gün aynı cevap yom,
"['sozlesmeyi', 'onayla', 'tck', 'atina', 'otomatik', 'kişisel', 'bilgi', 'isle', 'kutu', 'seci', 'hal', 'getir', 'kişisel', 'bilgi', 'isle', 'iste', 'kullan', 'akil', 'kendi', 'zeki', 'san', 'angut', 'selamlarimi', 'ilet', 'üye', 'sil']",sozlesmeyi onayla tck atina otomatik kişisel bilgi isle kutu seci hal getir kişisel bilgi isle iste kullan akil kendi zeki san angut selamlarimi ilet üye sil,
"['nere', 'canlı', 'destek', 'yok', 'saçma', 'yemin']",nere canlı destek yok saçma yemin,
"['allah', 'böyle', 'program', 'bela', 'iyi', 'program', 'değil', 'tavsiye', 'arkadaş', 'sakin']",allah böyle program bela iyi program değil tavsiye arkadaş sakin,
['yok'],yok,
"['kanka', 'gör', 'banka']",kanka gör banka,
"['herkes', 'hediye', 'kupon', 'google', 'olay', 'hediye', 'kupon', 'gör', 'fark']",herkes hediye kupon google olay hediye kupon gör fark,
"['sırf', 'i̇nternet', 'yıldız', 'google', 'play', 'kaydet', 'kart', 'kes', 'kart', 'cep', 'çıkar', 'para', 'kes', 'yerine', 'koyar', 'kes', 'aylık', 'ücret', 'alın', 'belli', 'şekil', 'çıkar', 'aylık', 'ücret']",sırf i̇nternet yıldız google play kaydet kart kes kart cep çıkar para kes yerine koyar kes aylık ücret alın belli şekil çıkar aylık ücret,
"['paket', 'yükle']",paket yükle,
"['paycel', 'kart', 'para', 'yükle', 'gün', 'hala', 'tanımla', 'ilgi', 'alaka', 'müşteri', 'memnuniyet', 'sıfır', 'alt', 'tam', 'çöp', 'yara']",paycel kart para yükle gün hala tanımla ilgi alaka müşteri memnuniyet sıfır alt tam çöp yara,
"['böyle', 'saçmalık', 'turkcell', 'zaman', 'kullan', 'hediye', 'aycell', 'hediye', 'güya', 'isle', 'gercek']",böyle saçmalık turkcell zaman kullan hediye aycell hediye güya isle gercek,
"['pasif', 'durum', 'fazla']",pasif durum fazla,
"['başarı', 'diğer', 'herhangi', 'banka', 'kıyas', 'verem', 'kanser', 'kafa', 'karış', 'yor', 'sistem']",başarı diğer herhangi banka kıyas verem kanser kafa karış yor sistem,
"['vodafone', 'gir']",vodafone gir,
"['hane', 'şifre', 'gir', 'yaz', 'yer', 'hane', 'şifre', 'girelebiliyo', 'hata']",hane şifre gir yaz yer hane şifre girelebiliyo hata,
"['rezil', 'insan', 'kan', 'oyala', 'başka', 'işlem', 'tarih', 'yurt', 'dış', 'euro', 'gönder', 'halen', 'şua', 'para', 'yer', 'belli', 'değil', 'karşı', 'muhatap', 'bul', 'mail', 'mail', 'git', 'ara', 'telefon', 'bak', 'kadar', 'rezil', 'insan', 'mağdur']",rezil insan kan oyala başka işlem tarih yurt dış euro gönder halen şua para yer belli değil karşı muhatap bul mail mail git ara telefon bak kadar rezil insan mağdur,
"['gi̇ri̇ş', 'şi̇fresi̇', 'unut', 'si̇fi̇rlayami̇yorumdaki̇', 'yeniden', 'gi̇ri̇şyapayi̇m', 'gmai̇li̇mi̇', 'deyi̇şdi̇m', 'telefon', 'baştan', 'yapi̇nca', 'yardım', 'yad', 'gir', 'sıfırla', 'yeniden', 'giriş', 'deyişdiyor', 'konu', 'çünki', 'sil', 'hesap', 'yardım', 'sifirlayin']",gi̇ri̇ş şi̇fresi̇ unut si̇fi̇rlayami̇yorumdaki̇ yeniden gi̇ri̇şyapayi̇m gmai̇li̇mi̇ deyi̇şdi̇m telefon baştan yapi̇nca yardım yad gir sıfırla yeniden giriş deyişdiyor konu çünki sil hesap yardım sifirlayin,
"['hesap', 'biraz', 'zor']",hesap biraz zor,
"['yara', 'saçma', 'sapan', 'şey', 'var', 'yakın', 'limit', 'var', 'paycel', 'kart', 'bile', 'nafile', 'yıldız', 'bile', 'değ', 'yorum', 'sonra', 'hemen', 'yaz', 'bil', 'site', 'gir', 'işlem', 'hepsi', 'girdi', 'rahat', 'halt', 'saat', 'yakın', 'iletişim', 'numara', 'ara', 'aynı', 'cevap', 'yokkkkk', 'kadar', 'yardimci', 'iste', 'ulaş', 'payne', 'boykot']",yara saçma sapan şey var yakın limit var paycel kart bile nafile yıldız bile değ yorum sonra hemen yaz bil site gir işlem hepsi girdi rahat halt saat yakın iletişim numara ara aynı cevap yokkkkk kadar yardimci iste ulaş payne boykot,
"['kupa', 'musa', 'diko', 'kod', 'gönder', 'kayıt', 'buka', 'kötü', 'ilk', 'gör']",kupa musa diko kod gönder kayıt buka kötü ilk gör,
"['hata', 'dolu']",hata dolu,
"['harca', 'ilgili', 'kısa', 'mesaj', 'bilgi', 'artık', 'gönder', 'ses', 'iste', 'harca', 'ilgili', 'teşekkür']",harca ilgili kısa mesaj bilgi artık gönder ses iste harca ilgili teşekkür,
"['aycell', 'hesap', 'transfer', 'kart', 'tam', 'para', 'çek', 'para', 'para', 'transfer', 'edemeyeceksematm', 'çek', 'para', 'şirket', 'tip', 'itiraz']",aycell hesap transfer kart tam para çek para para transfer edemeyeceksematm çek para şirket tip itiraz,
"['kardeş', 'yükle', 'nitelik', 'dolandırıcı', 'yalan', 'dol', 'para', 'hesap', 'doğru', 'işlem', 'aycell', 'ilgili', 'birim', 'mail', 'yol', 'ulaş', 'gün', 'sonra', 'hesabi', 'para', 'yat', 'yat', 'mağdur', 'siz', 'mağdur', 'insan', 'mağdur', 'yara', 'tosun', 'sonra', 'aycell', 'mağdur', 'öde', 'bilgi', 'banka', 'hesap', 'tarz', 'sil']",kardeş yükle nitelik dolandırıcı yalan dol para hesap doğru işlem aycell ilgili birim mail yol ulaş gün sonra hesabi para yat yat mağdur siz mağdur insan mağdur yara tosun sonra aycell mağdur öde bilgi banka hesap tarz sil,
"['rezalet', 'hane', 'şifre', 'rağmen', 'hane', 'şifre', 'iste', 'hesap', 'don']",rezalet hane şifre rağmen hane şifre iste hesap don,
"['salla', 'topla', 'sürekli', 'ayni', 'hediye', 'cikiyo', 'yet', 'kadar', 'cimri', 'puan', 'ali', 'taraf', 'sok']",salla topla sürekli ayni hediye cikiyo yet kadar cimri puan ali taraf sok,
"['tek', 'yara', 'yan', 'aycell', 'kart', 'şok', 'market', 'yer', 'yaygın', 'bulun', 'hariç', 'numara', 'yok', 'turkcell', 'hizmet', 'bile', 'eksik', 'sun', 'menü', 'var', 'finanscell', 'kredi', 'puan', 'göster', 'sun', 'diğer', 'hizmet', 'kurum', 'kendi', 'yad', 'online', 'banka', 'bul']",tek yara yan aycell kart şok market yer yaygın bulun hariç numara yok turkcell hizmet bile eksik sun menü var finanscell kredi puan göster sun diğer hizmet kurum kendi yad online banka bul,
"['dur', 'yemek', 'para', 'yat', 'harca', 'durum', 'abuk', 'subuk', 'yüz', 'onlarca', 'insan', 'mağdur', 'çöz', 'artık']",dur yemek para yat harca durum abuk subuk yüz onlarca insan mağdur çöz artık,
"['aycell', 'para', 'gasp', 'resmen', 'iki', 'elektrik', 'fatura', 'odedip', 'biri', 'iade', 'müşteri', 'hizmet', 'uğrastim', 'sonuç', 'yok', 'aycell', 'menü', 'i̇nfo', 'üzeri', 'kaç', 'mail', 'gönder', 'kazara', 'dönüş', 'yapmadılarbtk', 'üzeri', 'kaç', 'şikayet', 'banka', 'ara', 'banka', 'iade', 'belir', 'hak', 'banka', 'dekont', 'iste', 'öyle', 'evrak', 'çık', 'çalış', 'hak', 'helal']",aycell para gasp resmen iki elektrik fatura odedip biri iade müşteri hizmet uğrastim sonuç yok aycell menü i̇nfo üzeri kaç mail gönder kazara dönüş yapmadılarbtk üzeri kaç şikayet banka ara banka iade belir hak banka dekont iste öyle evrak çık çalış hak helal,
"['yara', 'öde', 'defalarca', 'yardım', 'çalış', 'kere', 'kart', 'yenile', 'uyarı', 'geç', 'üzeri', 'sistem', 'para', 'masraf', 'alt', 'işlem', 'ücret', 'kendi', 'sistem', 'finanscell', 'güvence', 'tahsilat', 'dahi', 'kullan']",yara öde defalarca yardım çalış kere kart yenile uyarı geç üzeri sistem para masraf alt işlem ücret kendi sistem finanscell güvence tahsilat dahi kullan,
"['hayat', 'böyle', 'rezalet', 'gör', 'eskiden', 'kullaniyodum', 'yükle', 'eposta', 'bil', 'kod', 'bil', 'eposta', 'git', 'yapicam', 'anlam']",hayat böyle rezalet gör eskiden kullaniyodum yükle eposta bil kod bil eposta git yapicam anlam,
"['temas', 'öde', 'düzgün', 'çalışmıyorpara', 'transfer', 'hala', 'aycell', 'hesap', 'geç', 'düş', 'sür', 'sistem', 'yavaş', 'şikayet', 'bil', 'sek', 'yok', 'koskoca', 'turkcell', 'kaç', 'sene', 'aycell', 'adam']",temas öde düzgün çalışmıyorpara transfer hala aycell hesap geç düş sür sistem yavaş şikayet bil sek yok koskoca turkcell kaç sene aycell adam,
"['telefon', 'arıza', 'sim', 'kart', 'oku', 'sim', 'kart', 'eski', 'tuş', 'telefon', 'takı', 'wifi', 'gir', 'iste', 'gir', 'yardımcı']",telefon arıza sim kart oku sim kart eski tuş telefon takı wifi gir iste gir yardımcı,
"['alışveriş', 'aylık', 'sabit', 'ücret', 'kes', 'yem', 'alışveriş', 'komisyon', 'kes', 'rağmen', 'fatura', 'yansı', 'özellik', 'zaman', 'zaman', 'i̇nternet', 'site', 'alışveriş', 'yapıyordumfaturalarımı', 'düzen', 'öde', 'rağmen', 'hat', 'biri', 'limit', 'komik', 'rakam', 'düşür', 'gün', 'müşteri', 'hizmet', 'ara', 'rağmen', 'limit', 'düşür', 'dair', 'bilgi', 'demekki', 'fatura', 'yad', 'öde', 'yanlış', 'işlem', 'çözüm', 'kal', 'yüz', 'hat', 'ait', 'hesap', 'kapa']",alışveriş aylık sabit ücret kes yem alışveriş komisyon kes rağmen fatura yansı özellik zaman zaman i̇nternet site alışveriş yapıyordumfaturalarımı düzen öde rağmen hat biri limit komik rakam düşür gün müşteri hizmet ara rağmen limit düşür dair bilgi demekki fatura yad öde yanlış işlem çözüm kal yüz hat ait hesap kapa,
"['coooooooooook', 'iyi']",coooooooooook iyi,
['merhaba'],merhaba,
"['aycell', 'hesap', 'sil', 'iste', 'sil', 'bil', 'açıkla']",aycell hesap sil iste sil bil açıkla,
"['güncelle', 'sonra', 'cüzdan', 'gör', 'herşey', 'karmakarışık', 'önce', 'düzel', 'lazım']",güncelle sonra cüzdan gör herşey karmakarışık önce düzel lazım,
"['puan', 'bird', 'kullan', 'sınır', 'tarih', 'saçma', 'zaman', 'puan', 'yüksek', 'tarih', 'kadar', 'düşük', 'puan', 'bile', 'topluyamiyon']",puan bird kullan sınır tarih saçma zaman puan yüksek tarih kadar düşük puan bile topluyamiyon,
"['rezalet', 'giriş', 'şifre', 'yenile', 'yine', 'şifre', 'yenile']",rezalet giriş şifre yenile yine şifre yenile,
"['yetersiz', 'resmen', 'para', 'gaspet', 'para', 'kullan', 'bil', 'başka', 'birey', 'müşteri', 'hizmet', 'ara', 'mail', 'yardımcı', 'hafta', 'ses', 'yok', 'kart', 'git', 'para', 'iste', 'sakın', 'aldan']",yetersiz resmen para gaspet para kullan bil başka birey müşteri hizmet ara mail yardımcı hafta ses yok kart git para iste sakın aldan,
"['kredi', 'kart', 'yok', 'ihtimal', 'kullan', 'kart', 'kişi', 'tamamen', 'boş', 'sistem']",kredi kart yok ihtimal kullan kart kişi tamamen boş sistem,
"['öde', ""i̇nternet'ten"", 'alışveriş', 'sürekli', 'başarı', 'hata', 'yazık', 'günah', 'önce', 'kullan', 'artık', 'kesinlikle', 'kullan', 'uğraş', 'değ', 'sürekli', 'sıkıntı', 'var']",öde i̇nternet'ten alışveriş sürekli başarı hata yazık günah önce kullan artık kesinlikle kullan uğraş değ sürekli sıkıntı var,
['iyi'],iyi,
"['saati̇r', 'hesap', 'gir', 'cali̇si̇yom']",saati̇r hesap gir cali̇si̇yom,
"['yeni', 'güncelle', 'kedi', 'acilmiyor', 'güncelle', 'kedi', 'güncelle', 'gozukmiyo', 'bilgi', 'var', 'yasin']",yeni güncelle kedi acilmiyor güncelle kedi güncelle gozukmiyo bilgi var yasin,
"['hesabi', 'gir', 'başka', 'hesap', 'gir', 'gene', 'hesap', 'gir', 'sorun', 'çöz']",hesabi gir başka hesap gir gene hesap gir sorun çöz,
"['i̇naktif', 'kart', 'aidat', 'kes', 'mesaj', 'mecburen', 'bilgi', 'var', 'iptal', 'seçenek']",i̇naktif kart aidat kes mesaj mecburen bilgi var iptal seçenek,
"['turkcell', 'kadar', 'kazık', 'operatör', 'gir', 'nokta', 'buda', 'turkcell', 'gıdı']",turkcell kadar kazık operatör gir nokta buda turkcell gıdı,
"['mayıs', 'fark', 'bil', 'gece', 'sonra', 'hata', 'mesela', 'kart', 'kısım', 'tıkla', 'ekli', 'kart', 'yok', 'dış', 'sek', 'ara', 'geç', 'saniye', 'bekle', 'beyaz', 'ekran', 'eksik', 'yükle', 'lütfen', 'düzel', 'temmuz', 'sorun', 'hala', 'devam', 'dış', 'puan', 'alın', 'şey', 'hiçbir', 'yara', 'önce', 'play', 'üzeri', 'dijital', 'ürün', 'kaldır', 'gerek']",mayıs fark bil gece sonra hata mesela kart kısım tıkla ekli kart yok dış sek ara geç saniye bekle beyaz ekran eksik yükle lütfen düzel temmuz sorun hala devam dış puan alın şey hiçbir yara önce play üzeri dijital ürün kaldır gerek,
"['berbat', 'bip', 'aycell', 'yarış', 'kazan', 'hepsipay', 'hediye', 'gör']",berbat bip aycell yarış kazan hepsipay hediye gör,
"['hiçbir', 'şekil', 'kart', 'para', 'yükle', 'hazır', 'limit', 'hata', 'ayrıca', 'yükle', 'dene', 'para', 'yedi', 'sebep', 'destek', 'kısım', 'siz', 'ulaş', 'dene', 'çök', 'olay', 'son', 'getir', 'güncelle', 'sonuç', 'meydan', 'lütfen', 'yardımcı']",hiçbir şekil kart para yükle hazır limit hata ayrıca yükle dene para yedi sebep destek kısım siz ulaş dene çök olay son getir güncelle sonuç meydan lütfen yardımcı,
"['rezil', 'kart', 'para', 'yükle', 'turkcell', 'git', 'gerek']",rezil kart para yükle turkcell git gerek,
"['şifre', 'yenile', 'unut']",şifre yenile unut,
"['eski', 'posta', 'şifre', 'yenile', 'hesap', 'kar', 'giriş', 'lütfen', 'yardımcı']",eski posta şifre yenile hesap kar giriş lütfen yardımcı,
